{
  "data": [
    {
      "xs": {
        "x": 45289.55841064453,
        "y": 50395.78355407715
      },
      "ys": {
        "freq": 120
      }
    },
    {
      "xs": {
        "x": 338823.5888671875,
        "y": 84939.4427947998
      },
      "ys": {
        "freq": 220
      }
    },
    {
      "xs": {
        "x": 1111627.08984375,
        "y": 764890.8802490234
      },
      "ys": {
        "freq": 320
      }
    },
    {
      "xs": {
        "x": 64246.36047363281,
        "y": 72738.51190185547
      },
      "ys": {
        "freq": 440
      }
    }
  ]
}
